-- Inserts en la tabla PERSONA
INSERT INTO PERSONA (DNI, NOMBRE, APELLIDO1, APELLIDO2, DIRECCION, EMAIL, CUENTA_BANCARIA, FECHA_NAC) 
    VALUES ('12345678A', 'Manuel', 'Santos', 'Navarro', 'Puertollano, Calle Luna', 'manuel.santos@example.com', 'ES1234567890123456789012', TO_DATE('1985-05-23', 'YYYY-MM-DD'));

INSERT INTO PERSONA 
    VALUES ('87654321B', 'Jose Enrique', 'Aguila', 'Blanco', 'Ciudad Real, Avenida Sol', 'jose.aguila@example.com', 'ES2345678901234567890123', TO_DATE('1990-08-12', 'YYYY-MM-DD'));

INSERT INTO PERSONA 
    VALUES ('98765432C', 'Alvaro', 'Martin', 'Vazquez', 'Almagro, Calle Real', 'alvaro.martin@example.com', 'ES3456789012345678901234', TO_DATE('1992-03-15', 'YYYY-MM-DD'));

INSERT INTO PERSONA
    VALUES ('12398745D', 'Dani', 'Lopez', 'Lopez', 'Ciudad Real, Plaza Mayor', 'dani.lopez@example.com', 'ES4567890123456789012345', TO_DATE('1995-07-28', 'YYYY-MM-DD'));

INSERT INTO PERSONA 
    VALUES ('56473829E', 'Adrian', 'Santos', 'Tendero', 'Puertollano, Camino Verde', 'adrian.santos@example.com', 'ES5678901234567890123456', TO_DATE('1993-11-05', 'YYYY-MM-DD'));

INSERT INTO PERSONA 
    VALUES ('74859632F', 'Fran', 'Alia', 'TheBoss', 'Puertollano, Calle Diamante', 'fran.alia@example.com', 'ES6789012345678901234567', TO_DATE('1988-09-21', 'YYYY-MM-DD'));

INSERT INTO PERSONA
    VALUES ('14725836G', 'Laura', 'Gomez', 'Ruiz', 'Tomelloso, Calle Olivo', 'laura.gomez@example.com', 'ES7890123456789012345678', TO_DATE('1990-01-15', 'YYYY-MM-DD'));

INSERT INTO PERSONA 
    VALUES ('85296374H', 'Mario', 'Lopez', 'Garcia', 'Valdepeñas, Avenida del Vino', 'mario.lopez@example.com', 'ES8901234567890123456789', TO_DATE('1987-06-07', 'YYYY-MM-DD'));

INSERT INTO PERSONA 
    VALUES ('96385274I', 'Ana', 'Martinez', 'Hernandez', 'Daimiel, Calle Larga', 'ana.martinez@example.com', 'ES9012345678901234567890', TO_DATE('1992-12-12', 'YYYY-MM-DD'));

INSERT INTO PERSONA 
    VALUES ('75395146J', 'Lucia', 'Rodriguez', 'Perez', 'Ciudad Real, Calle Oro', 'lucia.rodriguez@example.com', 'ES0123456789012345678901', TO_DATE('1989-04-18', 'YYYY-MM-DD'));


-- Inserts en la tabla TELEFONO
INSERT INTO TELEFONO (DNI, NUMERO, TIPO) VALUES ('12345678A', '123456789', 'MOVIL');
INSERT INTO TELEFONO (DNI, NUMERO, TIPO) VALUES ('87654321B', '987654321', 'CASA');
INSERT INTO TELEFONO (DNI, NUMERO, TIPO) VALUES ('98765432C', '456123789', 'MOVIL');
INSERT INTO TELEFONO (DNI, NUMERO, TIPO) VALUES ('12398745D', '789456123', 'TRABAJO');
INSERT INTO TELEFONO (DNI, NUMERO, TIPO) VALUES ('56473829E', '321654987', 'CASA');
INSERT INTO TELEFONO (DNI, NUMERO, TIPO) VALUES ('74859632F', '654987321', 'MOVIL');
INSERT INTO TELEFONO (DNI, NUMERO, TIPO) VALUES ('14725836G', '741852963', 'TRABAJO');
INSERT INTO TELEFONO (DNI, NUMERO, TIPO) VALUES ('85296374H', '963852741', 'MOVIL');
INSERT INTO TELEFONO (DNI, NUMERO, TIPO) VALUES ('96385274I', '852741963', 'CASA');
INSERT INTO TELEFONO (DNI, NUMERO, TIPO) VALUES ('75395146J', '147258369', 'MOVIL');


-- Inserts en la tabla EMPLEADO
INSERT INTO EMPLEADO (DNI, SALARIO, FECHA_CONTRATACION)
    VALUES ('12345678A', 2000.00, TO_DATE('2020-01-01', 'YYYY-MM-DD'));

INSERT INTO EMPLEADO (DNI, SALARIO, FECHA_CONTRATACION)
    VALUES ('87654321B', 1800.00, TO_DATE('2021-02-15', 'YYYY-MM-DD'));

INSERT INTO EMPLEADO (DNI, SALARIO, FECHA_CONTRATACION)
    VALUES ('98765432C', 2100.00, TO_DATE('2019-05-10', 'YYYY-MM-DD'));

INSERT INTO EMPLEADO (DNI, SALARIO, FECHA_CONTRATACION)
    VALUES ('12398745D', 1900.00, TO_DATE('2022-07-20', 'YYYY-MM-DD'));

INSERT INTO EMPLEADO (DNI, SALARIO, FECHA_CONTRATACION)
    VALUES ('56473829E', 2200.00, TO_DATE('2018-11-25', 'YYYY-MM-DD'));

INSERT INTO EMPLEADO (DNI, SALARIO, FECHA_CONTRATACION)
    VALUES ('74859632F', 2500.00, TO_DATE('2017-03-13', 'YYYY-MM-DD'));

INSERT INTO EMPLEADO (DNI, SALARIO, FECHA_CONTRATACION)
    VALUES ('14725836G', 1700.00, TO_DATE('2021-08-01', 'YYYY-MM-DD'));

INSERT INTO EMPLEADO (DNI, SALARIO, FECHA_CONTRATACION)
    VALUES ('85296374H', 2300.00, TO_DATE('2020-05-15', 'YYYY-MM-DD'));

INSERT INTO EMPLEADO (DNI, SALARIO, FECHA_CONTRATACION)
    VALUES ('96385274I', 1800.00, TO_DATE('2022-02-28', 'YYYY-MM-DD'));

INSERT INTO EMPLEADO (DNI, SALARIO, FECHA_CONTRATACION)
    VALUES ('75395146J', 2400.00, TO_DATE('2019-12-01', 'YYYY-MM-DD'));


-- Inserts en la tabla MONITOR
INSERT INTO MONITOR (ID_EMPLEADO) VALUES (1);
INSERT INTO MONITOR (ID_EMPLEADO) VALUES (2);
INSERT INTO MONITOR (ID_EMPLEADO) VALUES (3);
INSERT INTO MONITOR (ID_EMPLEADO) VALUES (4);
INSERT INTO MONITOR (ID_EMPLEADO) VALUES (5);
INSERT INTO MONITOR (ID_EMPLEADO) VALUES (6); 
INSERT INTO MONITOR (ID_EMPLEADO) VALUES (7); 
INSERT INTO MONITOR (ID_EMPLEADO) VALUES (8);
INSERT INTO MONITOR (ID_EMPLEADO) VALUES (9);
INSERT INTO MONITOR (ID_EMPLEADO) VALUES (10);



-- Inserts en la tabla HORARIO
INSERT INTO HORARIO (ID_EMPLEADO, TIPO) VALUES (1, 'M');
INSERT INTO HORARIO (ID_EMPLEADO, TIPO) VALUES (2, 'T');
INSERT INTO HORARIO (ID_EMPLEADO, TIPO) VALUES (3, 'M');
INSERT INTO HORARIO (ID_EMPLEADO, TIPO) VALUES (4, 'T');
INSERT INTO HORARIO (ID_EMPLEADO, TIPO) VALUES (5, 'M');
INSERT INTO HORARIO (ID_EMPLEADO, TIPO) VALUES (6, 'T');
INSERT INTO HORARIO (ID_EMPLEADO, TIPO) VALUES (7, 'M');
INSERT INTO HORARIO (ID_EMPLEADO, TIPO) VALUES (8, 'T');
INSERT INTO HORARIO (ID_EMPLEADO, TIPO) VALUES (9, 'M'); 
INSERT INTO HORARIO (ID_EMPLEADO, TIPO) VALUES (10, 'T');


-- Inserts en la tabla RUTINA
INSERT INTO RUTINA (NOMBRE, DESCRIPCION) VALUES ('Rutina Cardio', 'Entrenamiento cardiovascular intenso');
INSERT INTO RUTINA (NOMBRE, DESCRIPCION) VALUES ('Rutina Fuerza', 'Entrenamiento de fuerza con pesas');
INSERT INTO RUTINA (NOMBRE, DESCRIPCION) VALUES ('Rutina Yoga', 'Clases de yoga relajantes');
INSERT INTO RUTINA (NOMBRE, DESCRIPCION) VALUES ('Rutina HIIT', 'Entrenamiento en intervalos de alta intensidad');
INSERT INTO RUTINA (NOMBRE, DESCRIPCION) VALUES ('Rutina Estiramientos', 'Estiramientos para flexibilidad');
INSERT INTO RUTINA (NOMBRE, DESCRIPCION) VALUES ('Rutina Core', 'Ejercicios para el fortalecimiento del core');
INSERT INTO RUTINA (NOMBRE, DESCRIPCION) VALUES ('Rutina Funcional', 'Entrenamiento funcional para movilidad');
INSERT INTO RUTINA (NOMBRE, DESCRIPCION) VALUES ('Rutina CrossFit', 'Entrenamiento de CrossFit avanzado');
INSERT INTO RUTINA (NOMBRE, DESCRIPCION) VALUES ('Rutina Running', 'Plan de carrera en cinta');
INSERT INTO RUTINA (NOMBRE, DESCRIPCION) VALUES ('Rutina FrancisAlia', 'Crossfit');


-- Inserts en la tabla USUARIO
INSERT INTO USUARIO (DNI) VALUES ('12345678A');
INSERT INTO USUARIO (DNI) VALUES ('87654321B');
INSERT INTO USUARIO (DNI) VALUES ('98765432C');
INSERT INTO USUARIO (DNI) VALUES ('12398745D');
INSERT INTO USUARIO (DNI) VALUES ('56473829E');
INSERT INTO USUARIO (DNI) VALUES ('74859632F');
INSERT INTO USUARIO (DNI) VALUES ('14725836G');
INSERT INTO USUARIO (DNI) VALUES ('85296374H');
INSERT INTO USUARIO (DNI) VALUES ('96385274I');
INSERT INTO USUARIO (DNI) VALUES ('75395146J');



-- Inserts en la tabla USUARIO_RUTINA
INSERT INTO USUARIO_RUTINA (ID_RUTINA, ID_USUARIO) VALUES (1, 1);
INSERT INTO USUARIO_RUTINA (ID_RUTINA, ID_USUARIO) VALUES (2, 2);
INSERT INTO USUARIO_RUTINA (ID_RUTINA, ID_USUARIO) VALUES (3, 3);
INSERT INTO USUARIO_RUTINA (ID_RUTINA, ID_USUARIO) VALUES (4, 4);
INSERT INTO USUARIO_RUTINA (ID_RUTINA, ID_USUARIO) VALUES (5, 5);
INSERT INTO USUARIO_RUTINA (ID_RUTINA, ID_USUARIO) VALUES (6, 6);
INSERT INTO USUARIO_RUTINA (ID_RUTINA, ID_USUARIO) VALUES (7, 7);
INSERT INTO USUARIO_RUTINA (ID_RUTINA, ID_USUARIO) VALUES (8, 8);
INSERT INTO USUARIO_RUTINA (ID_RUTINA, ID_USUARIO) VALUES (9, 9);
INSERT INTO USUARIO_RUTINA (ID_RUTINA, ID_USUARIO) VALUES (10, 10);



-- Inserts en la tabla EJERCICIO
INSERT INTO EJERCICIO (NOMBRE, DESCRIPCION, GRUPO_MUSCULAR) VALUES ('Sentadilla', 'Sentadillas para piernas y glúteos', 'Piernas');
INSERT INTO EJERCICIO (NOMBRE, DESCRIPCION, GRUPO_MUSCULAR) VALUES ('Flexión', 'Flexiones para el pecho y brazos', 'Pecho');
INSERT INTO EJERCICIO (NOMBRE, DESCRIPCION, GRUPO_MUSCULAR) VALUES ('Dominadas', 'Dominadas para espalda y bíceps', 'Espalda');
INSERT INTO EJERCICIO (NOMBRE, DESCRIPCION, GRUPO_MUSCULAR) VALUES ('Plancha', 'Ejercicio de plancha para el core', 'Core');
INSERT INTO EJERCICIO (NOMBRE, DESCRIPCION, GRUPO_MUSCULAR) VALUES ('Zancadas', 'Zancadas para las piernas', 'Piernas');
INSERT INTO EJERCICIO (NOMBRE, DESCRIPCION, GRUPO_MUSCULAR) VALUES ('Press Militar', 'Press militar para los hombros', 'Hombros');
INSERT INTO EJERCICIO (NOMBRE, DESCRIPCION, GRUPO_MUSCULAR) VALUES ('Remo', 'Remo para la espalda', 'Espalda');
INSERT INTO EJERCICIO (NOMBRE, DESCRIPCION, GRUPO_MUSCULAR) VALUES ('Curl Bíceps', 'Curl de bíceps para los brazos', 'Bíceps');
INSERT INTO EJERCICIO (NOMBRE, DESCRIPCION, GRUPO_MUSCULAR) VALUES ('Abdominales', 'Abdominales para fortalecer el abdomen', 'Core');




-- Inserts en la tabla RUTINA_EJERCICIO
INSERT INTO RUTINA_EJERCICIO (ID_RUTINA, ID_EJERCICIO, SERIES, REPETICIONES, DIA_SEMANA) 
    VALUES (1, 1, 3, 12, 'LUNES');

INSERT INTO RUTINA_EJERCICIO (ID_RUTINA, ID_EJERCICIO, SERIES, REPETICIONES, DIA_SEMANA)
    VALUES (1, 1, 3, 12, 'LUNES');

INSERT INTO RUTINA_EJERCICIO (ID_RUTINA, ID_EJERCICIO, SERIES, REPETICIONES, DIA_SEMANA)
    VALUES (2, 2, 3, 15, 'MIÉRCOLES');

INSERT INTO RUTINA_EJERCICIO (ID_RUTINA, ID_EJERCICIO, SERIES, REPETICIONES, DIA_SEMANA)
    VALUES (3, 3, 4, 10, 'VIERNES'); 

INSERT INTO RUTINA_EJERCICIO (ID_RUTINA, ID_EJERCICIO, SERIES, REPETICIONES, DIA_SEMANA)
    VALUES (4, 4, 5, 20, 'MARTES');

INSERT INTO RUTINA_EJERCICIO (ID_RUTINA, ID_EJERCICIO, SERIES, REPETICIONES, DIA_SEMANA)
    VALUES (5, 5, 2, 8, 'JUEVES');

INSERT INTO RUTINA_EJERCICIO (ID_RUTINA, ID_EJERCICIO, SERIES, REPETICIONES, DIA_SEMANA)
    VALUES (6, 6, 3, 12, 'SÁBADO');

INSERT INTO RUTINA_EJERCICIO (ID_RUTINA, ID_EJERCICIO, SERIES, REPETICIONES, DIA_SEMANA)
    VALUES (7, 7, 4, 15, 'LUNES');

INSERT INTO RUTINA_EJERCICIO (ID_RUTINA, ID_EJERCICIO, SERIES, REPETICIONES, DIA_SEMANA)
    VALUES (8, 8, 5, 10, 'MIÉRCOLES');

INSERT INTO RUTINA_EJERCICIO (ID_RUTINA, ID_EJERCICIO, SERIES, REPETICIONES, DIA_SEMANA)
    VALUES (9, 9, 3, 20, 'VIERNES');


-- Inserts en la tabla SALA
INSERT INTO SALA (NOMBRE) VALUES ('Sala de Yoga');
INSERT INTO SALA (NOMBRE) VALUES ('Sala de Cardio');
INSERT INTO SALA (NOMBRE) VALUES ('Sala de Fuerza');
INSERT INTO SALA (NOMBRE) VALUES ('Sala Funcional');
INSERT INTO SALA (NOMBRE) VALUES ('Sala de Pilates');
INSERT INTO SALA (NOMBRE) VALUES ('Sala HIIT');
INSERT INTO SALA (NOMBRE) VALUES ('Sala CrossFit');
INSERT INTO SALA (NOMBRE) VALUES ('Sala de Zumba');
INSERT INTO SALA (NOMBRE) VALUES ('Sala Boxeo Fitness');
INSERT INTO SALA (NOMBRE) VALUES ('Sala de Stretching');



-- Inserts en la tabla CLASE
INSERT INTO CLASE (NOMBRE, DESCRIPCION, FECHA_INICIO, FECHA_FIN, SALA) 
VALUES ('Entrenamiento Funcional', 'Entrenamiento para mejorar movilidad', TO_DATE('2025-04-15', 'YYYY-MM-DD'), TO_DATE('2025-07-15', 'YYYY-MM-DD'), 2);

INSERT INTO CLASE (NOMBRE, DESCRIPCION, FECHA_INICIO, FECHA_FIN, SALA) 
VALUES ('HIIT Intensivo', 'Intervalos de alta intensidad', TO_DATE('2025-04-01', 'YYYY-MM-DD'), TO_DATE('2025-06-01', 'YYYY-MM-DD'), 3);

INSERT INTO CLASE (NOMBRE, DESCRIPCION, FECHA_INICIO, FECHA_FIN, SALA) 
VALUES ('Pilates Básico', 'Clases introductorias de pilates', TO_DATE('2025-05-01', 'YYYY-MM-DD'), TO_DATE('2025-07-01', 'YYYY-MM-DD'), 4);

INSERT INTO CLASE (NOMBRE, DESCRIPCION, FECHA_INICIO, FECHA_FIN, SALA) 
VALUES ('Cardio Dance', 'Bailes para quemar calorías', TO_DATE('2025-04-05', 'YYYY-MM-DD'), TO_DATE('2025-06-20', 'YYYY-MM-DD'), 5);

INSERT INTO CLASE (NOMBRE, DESCRIPCION, FECHA_INICIO, FECHA_FIN, SALA) 
VALUES ('CrossFit Express', 'Entrenamiento exprés de CrossFit', TO_DATE('2025-05-10', 'YYYY-MM-DD'), TO_DATE('2025-08-10', 'YYYY-MM-DD'), 6);

INSERT INTO CLASE (NOMBRE, DESCRIPCION, FECHA_INICIO, FECHA_FIN, SALA) 
VALUES ('Zumba', 'Clase divertida de baile Zumba', TO_DATE('2025-04-08', 'YYYY-MM-DD'), TO_DATE('2025-06-08', 'YYYY-MM-DD'), 7);

INSERT INTO CLASE (NOMBRE, DESCRIPCION, FECHA_INICIO, FECHA_FIN, SALA) 
VALUES ('Boxeo Fitness', 'Clase de boxeo para fitness', TO_DATE('2025-04-20', 'YYYY-MM-DD'), TO_DATE('2025-07-20', 'YYYY-MM-DD'), 8);

INSERT INTO CLASE (NOMBRE, DESCRIPCION, FECHA_INICIO, FECHA_FIN, SALA) 
VALUES ('Step Cardio', 'Ejercicios con step para cardio', TO_DATE('2025-04-18', 'YYYY-MM-DD'), TO_DATE('2025-06-30', 'YYYY-MM-DD'), 9);

INSERT INTO CLASE (NOMBRE, DESCRIPCION, FECHA_INICIO, FECHA_FIN, SALA) 
VALUES ('Stretching', 'Clase de estiramientos', TO_DATE('2025-04-25', 'YYYY-MM-DD'), TO_DATE('2025-06-25', 'YYYY-MM-DD'), 10);

INSERT INTO CLASE (NOMBRE, DESCRIPCION, FECHA_INICIO, FECHA_FIN, SALA) 
VALUES ('CardioFrank', 'Clase de Cinta', TO_DATE('2025-03-12', 'YYYY-MM-DD'), TO_DATE('2025-06-29', 'YYYY-MM-DD'), 10);




-- Inserts corregidos para la tabla MONITOR_CLASE
INSERT INTO MONITOR_CLASE (ID_MONITOR, ID_CLASE) VALUES (1, 1);
INSERT INTO MONITOR_CLASE (ID_MONITOR, ID_CLASE) VALUES (2, 2);
INSERT INTO MONITOR_CLASE (ID_MONITOR, ID_CLASE) VALUES (3, 3);
INSERT INTO MONITOR_CLASE (ID_MONITOR, ID_CLASE) VALUES (4, 4); 
INSERT INTO MONITOR_CLASE (ID_MONITOR, ID_CLASE) VALUES (5, 5);
INSERT INTO MONITOR_CLASE (ID_MONITOR, ID_CLASE) VALUES (6, 6);
INSERT INTO MONITOR_CLASE (ID_MONITOR, ID_CLASE) VALUES (7, 7); 
INSERT INTO MONITOR_CLASE (ID_MONITOR, ID_CLASE) VALUES (8, 8); 
INSERT INTO MONITOR_CLASE (ID_MONITOR, ID_CLASE) VALUES (9, 9); 
INSERT INTO MONITOR_CLASE (ID_MONITOR, ID_CLASE) VALUES (10, 10);



-- Inserts  USUARIO_CLASE
INSERT INTO USUARIO_CLASE (ID_USUARIO, ID_CLASE, FECHA) 
    VALUES (1, 1, TO_DATE('2025-04-10', 'YYYY-MM-DD')); 

INSERT INTO USUARIO_CLASE (ID_USUARIO, ID_CLASE, FECHA) 
    VALUES (2, 2, TO_DATE('2025-04-15', 'YYYY-MM-DD')); 

INSERT INTO USUARIO_CLASE (ID_USUARIO, ID_CLASE, FECHA) 
    VALUES (3, 3, TO_DATE('2025-04-20', 'YYYY-MM-DD')); 

INSERT INTO USUARIO_CLASE (ID_USUARIO, ID_CLASE, FECHA) 
    VALUES (4, 4, TO_DATE('2025-04-25', 'YYYY-MM-DD')); 

INSERT INTO USUARIO_CLASE (ID_USUARIO, ID_CLASE, FECHA) 
    VALUES (5, 5, TO_DATE('2025-04-30', 'YYYY-MM-DD')); 

INSERT INTO USUARIO_CLASE (ID_USUARIO, ID_CLASE, FECHA) 
    VALUES (6, 6, TO_DATE('2025-05-05', 'YYYY-MM-DD')); 

INSERT INTO USUARIO_CLASE (ID_USUARIO, ID_CLASE, FECHA) 
    VALUES (7, 7, TO_DATE('2025-05-10', 'YYYY-MM-DD')); 

INSERT INTO USUARIO_CLASE (ID_USUARIO, ID_CLASE, FECHA) 
    VALUES (8, 8, TO_DATE('2025-05-15', 'YYYY-MM-DD')); 

INSERT INTO USUARIO_CLASE (ID_USUARIO, ID_CLASE, FECHA) 
    VALUES (9, 9, TO_DATE('2025-05-20', 'YYYY-MM-DD')); 

INSERT INTO USUARIO_CLASE (ID_USUARIO, ID_CLASE, FECHA) 
    VALUES (10, 10, TO_DATE('2025-05-25', 'YYYY-MM-DD'));


